ros_time_sec,tag_id,roll(rad),pitch(rad),yaw(rad),tx(m),ty(m),tz(m),q_x,q_y,q_z,q_w
1760557512.267985,3,-2.971657,-0.012138,0.023499,-0.009724,-0.016048,0.560689,0.996299,0.012222,0.005050,-0.084929
1760557512.297458,3,-2.968988,-0.011153,0.023681,-0.009719,-0.016047,0.560586,0.996187,0.012277,0.004535,-0.086253
1760557512.333819,3,-2.971968,-0.011376,0.023679,-0.009722,-0.016050,0.560631,0.996314,0.012278,0.004664,-0.084770
1760557512.365775,3,-2.968094,-0.013660,0.023193,-0.009715,-0.016040,0.560473,0.996143,0.012144,0.005799,-0.086712
1760557512.401549,3,-2.966788,-0.011291,0.023666,-0.009717,-0.016033,0.560389,0.996091,0.012280,0.004590,-0.087350
1760557512.438380,3,-2.973783,-0.009632,0.023701,-0.009716,-0.016048,0.560671,0.996396,0.012212,0.003806,-0.083856
1760557512.469687,3,-2.971917,-0.009057,0.023865,-0.009725,-0.016051,0.560600,0.996318,0.012273,0.003501,-0.084783
1760557512.505559,3,-2.970899,-0.012006,0.023715,-0.009712,-0.016042,0.560543,0.996266,0.012325,0.004970,-0.085307
1760557512.537622,3,-2.967336,-0.010901,0.023801,-0.009715,-0.016039,0.560430,0.996116,0.012329,0.004394,-0.087075
1760557512.573672,3,-2.968742,-0.008037,0.023689,-0.009718,-0.016045,0.560529,0.996186,0.012147,0.002981,-0.086359
1760557512.609281,3,-2.971427,-0.009066,0.023725,-0.009717,-0.016053,0.560628,0.996298,0.012204,0.003508,-0.085027
1760557512.642466,3,-2.968691,-0.013404,0.023798,-0.009723,-0.016040,0.560519,0.996166,0.012432,0.005649,-0.086415
1760557512.677653,3,-2.970535,-0.012011,0.023554,-0.009714,-0.016046,0.560645,0.996252,0.012246,0.004977,-0.085488
1760557512.714103,3,-2.970957,-0.014212,0.023759,-0.009723,-0.016048,0.560610,0.996260,0.012441,0.006067,-0.085290
1760557512.745361,3,-2.966884,-0.009651,0.024043,-0.009719,-0.016037,0.560471,0.996098,0.012396,0.003758,-0.087294
1760557512.781529,3,-2.968898,-0.008004,0.023971,-0.009718,-0.016044,0.560598,0.996191,0.012286,0.002953,-0.086281
1760557512.813396,3,-2.968768,-0.012708,0.023435,-0.009715,-0.016041,0.560587,0.996174,0.012221,0.005319,-0.086371
1760557512.850338,3,-2.968348,-0.013992,0.023591,-0.009715,-0.016041,0.560500,0.996150,0.012356,0.005949,-0.086588
1760557512.886417,3,-2.971139,-0.011908,0.024009,-0.009722,-0.016048,0.560674,0.996275,0.012467,0.004910,-0.085187
1760557512.921368,3,-2.970521,-0.012922,0.023213,-0.009717,-0.016046,0.560673,0.996250,0.012116,0.005445,-0.085499
1760557512.957004,3,-2.969130,-0.011953,0.024194,-0.009719,-0.016039,0.560515,0.996187,0.012566,0.004912,-0.086189
1760557513.023412,3,-2.970800,-0.010872,0.023794,-0.009723,-0.016045,0.560652,0.996265,0.012317,0.004401,-0.085350
1760557513.057476,3,-2.967580,-0.011078,0.023699,-0.009714,-0.016041,0.560467,0.996126,0.012286,0.004488,-0.086954
1760557513.090070,3,-2.970499,-0.011193,0.023562,-0.009714,-0.016041,0.560572,0.996253,0.012216,0.004569,-0.085501
1760557513.127906,3,-2.970820,-0.009633,0.023747,-0.009717,-0.016046,0.560597,0.996270,0.012240,0.003786,-0.085333
1760557513.157484,3,-2.969625,-0.010763,0.023679,-0.009717,-0.016043,0.560518,0.996216,0.012258,0.004345,-0.085934
1760557513.194561,3,-2.971086,-0.011077,0.023933,-0.009719,-0.016045,0.560631,0.996276,0.012394,0.004499,-0.085209
1760557513.230309,3,-2.971065,-0.014259,0.023416,-0.009711,-0.016046,0.560621,0.996267,0.012272,0.006106,-0.085236
1760557513.262310,3,-2.971278,-0.012517,0.023733,-0.009728,-0.016046,0.560660,0.996280,0.012355,0.005226,-0.085121
1760557513.297628,3,-2.967792,-0.012371,0.023576,-0.009716,-0.016044,0.560538,0.996132,0.012280,0.005139,-0.086856
1760557513.333961,3,-2.972392,-0.015766,0.023470,-0.009725,-0.016055,0.560746,0.996316,0.012358,0.006863,-0.084583
1760557513.367274,3,-2.970070,-0.013256,0.023864,-0.009711,-0.016046,0.560581,0.996225,0.012455,0.005581,-0.085727
1760557513.403917,3,-2.969020,-0.014731,0.023557,-0.009715,-0.016044,0.560537,0.996176,0.012369,0.006322,-0.086258
1760557513.440038,3,-2.968229,-0.013109,0.023873,-0.009716,-0.016043,0.560556,0.996146,0.012458,0.005496,-0.086643
1760557513.475171,3,-2.969568,-0.010182,0.024016,-0.009713,-0.016047,0.560536,0.996213,0.012400,0.004040,-0.085960
1760557513.508088,3,-2.967418,-0.009224,0.024018,-0.009712,-0.016037,0.560462,0.996123,0.012364,0.003550,-0.087025
1760557513.545915,3,-2.971577,-0.013277,0.023318,-0.009715,-0.016044,0.560627,0.996293,0.012180,0.005624,-0.084975
1760557513.577568,3,-2.969146,-0.014636,0.023370,-0.009715,-0.016049,0.560639,0.996183,0.012271,0.006284,-0.086194
1760557513.612412,3,-2.971101,-0.011755,0.023545,-0.009713,-0.016042,0.560562,0.996277,0.012229,0.004854,-0.085204
1760557513.644236,3,-2.967852,-0.010121,0.023823,-0.009718,-0.016043,0.560606,0.996140,0.012305,0.004008,-0.086814
1760557513.714060,3,-2.973769,-0.014692,0.023691,-0.009719,-0.016052,0.560675,0.996377,0.012419,0.006327,-0.083892
1760557513.750333,3,-2.970026,-0.016049,0.023447,-0.009714,-0.016047,0.560701,0.996214,0.012367,0.006990,-0.085763
1760557513.783634,3,-2.971352,-0.014778,0.023359,-0.009709,-0.016055,0.560790,0.996277,0.012265,0.006369,-0.085095
1760557513.817324,3,-2.968937,-0.009273,0.023647,-0.009713,-0.016049,0.560593,0.996191,0.012179,0.003600,-0.086268
1760557513.856682,3,-2.969507,-0.014298,0.023412,-0.009719,-0.016045,0.560619,0.996200,0.012276,0.006116,-0.086012
1760557513.884505,3,-2.970070,-0.007622,0.023935,-0.009718,-0.016043,0.560553,0.996242,0.012249,0.002772,-0.085695
1760557513.953308,3,-2.966795,-0.014171,0.023464,-0.009717,-0.016040,0.560455,0.996082,0.012305,0.006034,-0.087362
1760557513.986199,3,-2.970026,-0.012355,0.023500,-0.009718,-0.016052,0.560684,0.996229,0.012236,0.005148,-0.085743
1760557514.023730,3,-2.971096,-0.011329,0.023226,-0.009717,-0.016045,0.560595,0.996280,0.012053,0.004655,-0.085204
1760557514.060133,3,-2.972010,-0.018309,0.022703,-0.009719,-0.016054,0.560696,0.996293,0.012085,0.008160,-0.084784
1760557514.092688,3,-2.970007,-0.015928,0.023044,-0.009720,-0.016048,0.560601,0.996216,0.012161,0.006947,-0.085771
1760557514.159496,3,-2.969686,-0.011822,0.023365,-0.009714,-0.016045,0.560571,0.996217,0.012147,0.004886,-0.085909
1760557514.195892,3,-2.968432,-0.008887,0.023995,-0.009713,-0.016034,0.560362,0.996168,0.012337,0.003389,-0.086518
1760557514.230116,3,-2.970315,-0.010813,0.023524,-0.009717,-0.016047,0.560532,0.996246,0.012181,0.004380,-0.085590
1760557514.262406,3,-2.971160,-0.013828,0.023511,-0.009718,-0.016047,0.560687,0.996272,0.012301,0.005888,-0.085186
1760557514.298106,3,-2.968179,-0.010690,0.023901,-0.009723,-0.016041,0.560524,0.996152,0.012368,0.004290,-0.086654
1760557514.333938,3,-2.968768,-0.011177,0.023668,-0.009718,-0.016050,0.560611,0.996178,0.012272,0.004546,-0.086363
1760557514.368071,3,-2.970434,-0.014037,0.023812,-0.009718,-0.016046,0.560623,0.996238,0.012462,0.005975,-0.085550
1760557514.403122,3,-2.967421,-0.010966,0.023699,-0.009716,-0.016046,0.560589,0.996120,0.012281,0.004431,-0.087033
1760557514.433299,3,-2.969878,-0.014419,0.023372,-0.009716,-0.016050,0.560657,0.996215,0.012260,0.006180,-0.085828
1760557514.470934,3,-2.970193,-0.012352,0.023645,-0.009714,-0.016047,0.560616,0.996235,0.012307,0.005141,-0.085660
1760557514.502263,3,-2.970070,-0.011606,0.023665,-0.009711,-0.016046,0.560624,0.996232,0.012285,0.004768,-0.085717
1760557514.537849,3,-2.968053,-0.007965,0.023730,-0.009716,-0.016047,0.560515,0.996156,0.012165,0.002939,-0.086701
1760557514.573656,3,-2.971436,-0.009210,0.024109,-0.009715,-0.016050,0.560605,0.996295,0.012402,0.003563,-0.085024
1760557514.605320,3,-2.967716,-0.014664,0.023474,-0.009714,-0.016042,0.560443,0.996120,0.012329,0.006285,-0.086906
1760557514.641807,3,-2.967956,-0.009594,0.023965,-0.009718,-0.016044,0.560514,0.996146,0.012353,0.003740,-0.086759
1760557514.678657,3,-2.970472,-0.010955,0.023825,-0.009720,-0.016052,0.560745,0.996251,0.012337,0.004439,-0.085514
1760557514.709364,3,-2.969714,-0.011315,0.023836,-0.009716,-0.016046,0.560613,0.996217,0.012359,0.004613,-0.085894
1760557514.746064,3,-2.969984,-0.011156,0.023273,-0.009713,-0.016047,0.560491,0.996233,0.012071,0.004560,-0.085756
1760557514.781758,3,-2.970361,-0.013245,0.023313,-0.009716,-0.016046,0.560595,0.996241,0.012180,0.005601,-0.085580
1760557514.815197,3,-2.970597,-0.012715,0.023868,-0.009717,-0.016048,0.560584,0.996250,0.012433,0.005315,-0.085461
1760557514.851858,3,-2.968379,-0.010966,0.023704,-0.009719,-0.016050,0.560624,0.996161,0.012281,0.004437,-0.086556
1760557514.882563,3,-2.971968,-0.011067,0.023990,-0.009712,-0.016041,0.560620,0.996313,0.012420,0.004497,-0.084769
1760557514.918009,3,-2.968839,-0.011445,0.023509,-0.009714,-0.016041,0.560437,0.996181,0.012204,0.004687,-0.086329
1760557514.953445,3,-2.967217,-0.012866,0.023556,-0.009713,-0.016040,0.560367,0.996105,0.012293,0.005383,-0.087145
1760557514.985624,3,-2.969393,-0.012388,0.023797,-0.009713,-0.016046,0.560624,0.996200,0.012387,0.005147,-0.086059
1760557515.023462,3,-2.971081,-0.008493,0.023757,-0.009717,-0.016051,0.560635,0.996284,0.012196,0.003220,-0.085196
1760557515.057732,3,-2.969183,-0.017249,0.023184,-0.009710,-0.016045,0.560620,0.996174,0.012291,0.007594,-0.086189
1760557515.089367,3,-2.970802,-0.014031,0.023470,-0.009711,-0.016045,0.560520,0.996256,0.012290,0.005988,-0.085366
1760557515.126586,3,-2.967332,-0.009108,0.024097,-0.009716,-0.016039,0.560526,0.996119,0.012399,0.003488,-0.087067
1760557515.157695,3,-2.969271,-0.011881,0.023654,-0.009716,-0.016043,0.560543,0.996197,0.012294,0.004900,-0.086117
1760557515.194411,3,-2.969725,-0.015502,0.023340,-0.009713,-0.016042,0.560575,0.996204,0.012291,0.006720,-0.085910
1760557515.225748,3,-2.970617,-0.014271,0.023415,-0.009717,-0.016049,0.560643,0.996247,0.012274,0.006109,-0.085459
1760557515.262159,3,-2.969647,-0.009264,0.023956,-0.009714,-0.016045,0.560531,0.996220,0.012331,0.003586,-0.085915
1760557515.297165,3,-2.968212,-0.008824,0.023901,-0.009708,-0.016043,0.560485,0.996159,0.012287,0.003361,-0.086627
1760557515.329372,3,-2.973109,-0.017269,0.022916,-0.009710,-0.016050,0.560646,0.996343,0.012143,0.007639,-0.084232
1760557515.365693,3,-2.971835,-0.015911,0.023331,-0.009719,-0.016047,0.560602,0.996293,0.012297,0.006937,-0.084861
1760557515.401424,3,-2.970519,-0.011133,0.023862,-0.009713,-0.016044,0.560539,0.996252,0.012362,0.004527,-0.085491
1760557515.434035,3,-2.971808,-0.013992,0.023801,-0.009716,-0.016048,0.560706,0.996297,0.012450,0.005961,-0.084865
1760557515.469956,3,-2.971903,-0.009707,0.024002,-0.009721,-0.016051,0.560794,0.996314,0.012369,0.003819,-0.084794
1760557515.502144,3,-2.969324,-0.010191,0.023823,-0.009717,-0.016045,0.560518,0.996204,0.012305,0.004052,-0.086081
1760557515.537493,3,-2.971570,-0.006940,0.024167,-0.009723,-0.016052,0.560665,0.996306,0.012334,0.002431,-0.084944
1760557515.573245,3,-2.969273,-0.014096,0.023483,-0.009710,-0.016040,0.560409,0.996190,0.012304,0.006011,-0.086128
1760557515.605870,3,-2.968249,-0.007546,0.023832,-0.009717,-0.016041,0.560530,0.996165,0.012197,0.002727,-0.086601
1760557515.642545,3,-2.971402,-0.017954,0.023206,-0.009713,-0.016044,0.560648,0.996265,0.012323,0.007958,-0.085088
1760557515.678305,3,-2.971675,-0.015284,0.023445,-0.009714,-0.016046,0.560650,0.996288,0.012328,0.006619,-0.084937
1760557515.709929,3,-2.970197,-0.011105,0.023409,-0.009715,-0.016049,0.560593,0.996241,0.012136,0.004530,-0.085651
1760557515.745855,3,-2.966921,-0.014408,0.023774,-0.009715,-0.016044,0.560390,0.996085,0.012469,0.006139,-0.087302
1760557515.781733,3,-2.968720,-0.011211,0.023413,-0.009715,-0.016045,0.560558,0.996177,0.012146,0.004574,-0.086387
1760557515.813757,3,-2.969737,-0.009482,0.023654,-0.009716,-0.016047,0.560554,0.996225,0.012190,0.003708,-0.085871
1760557515.850247,3,-2.970938,-0.013150,0.023509,-0.009716,-0.016056,0.560740,0.996265,0.012271,0.005549,-0.085293
1760557515.882656,3,-2.971391,-0.014823,0.023497,-0.009716,-0.016052,0.560592,0.996278,0.012335,0.006386,-0.085077
1760557515.950305,3,-2.971376,-0.010911,0.023880,-0.009715,-0.016049,0.560576,0.996289,0.012360,0.004421,-0.085063
1760557515.986701,3,-2.970345,-0.009744,0.023910,-0.009710,-0.016039,0.560464,0.996249,0.012327,0.003832,-0.085570
1760557516.022437,3,-2.971304,-0.019624,0.023140,-0.009708,-0.016046,0.560554,0.996253,0.012362,0.008792,-0.085145
1760557516.054613,3,-2.968056,-0.015958,0.023382,-0.009705,-0.016045,0.560523,0.996130,0.012338,0.006935,-0.086744
1760557516.090235,3,-2.968918,-0.013964,0.023556,-0.009718,-0.016043,0.560573,0.996175,0.012336,0.005940,-0.086304
1760557516.125588,3,-2.968632,-0.011261,0.023795,-0.009713,-0.016045,0.560490,0.996171,0.012339,0.004582,-0.086432
1760557516.158045,3,-2.964599,-0.016278,0.023695,-0.009712,-0.016038,0.560365,0.995975,0.012520,0.007059,-0.088468
1760557516.193766,3,-2.968498,-0.012780,0.023223,-0.009708,-0.016045,0.560524,0.996163,0.012120,0.005362,-0.086506
1760557516.226158,3,-2.971852,-0.016251,0.023703,-0.009714,-0.016042,0.560587,0.996290,0.012497,0.007091,-0.084856
1760557516.262719,3,-2.971074,-0.012468,0.023677,-0.009716,-0.016048,0.560552,0.996272,0.012326,0.005203,-0.085222
1760557516.298061,3,-2.971047,-0.015364,0.023253,-0.009711,-0.016052,0.560676,0.996262,0.012238,0.006663,-0.085250
1760557516.331410,3,-2.972968,-0.015993,0.023777,-0.009719,-0.016053,0.560697,0.996338,0.012519,0.006966,-0.084299
1760557516.367339,3,-2.968510,-0.014769,0.023663,-0.009713,-0.016041,0.560417,0.996153,0.012425,0.006334,-0.086512
1760557516.401433,3,-2.970967,-0.012335,0.023708,-0.009718,-0.016046,0.560636,0.996268,0.012336,0.005135,-0.085275
1760557516.433850,3,-2.972571,-0.013755,0.023424,-0.009718,-0.016048,0.560611,0.996332,0.012250,0.005864,-0.084483
1760557516.470121,3,-2.970932,-0.010574,0.023733,-0.009717,-0.016054,0.560667,0.996272,0.012273,0.004256,-0.085282
1760557516.501856,3,-2.970536,-0.009305,0.023714,-0.009718,-0.016050,0.560624,0.996259,0.012211,0.003622,-0.085472
1760557516.537970,3,-2.973235,-0.009817,0.023965,-0.009716,-0.016059,0.560726,0.996371,0.012352,0.003884,-0.084131
1760557516.573024,3,-2.972956,-0.010754,0.023604,-0.009716,-0.016055,0.560731,0.996358,0.012212,0.004363,-0.084275
1760557516.605813,3,-2.966207,-0.013053,0.023620,-0.009717,-0.016038,0.560378,0.996060,0.012336,0.005467,-0.087649
1760557516.641816,3,-2.972244,-0.010536,0.024137,-0.009719,-0.016055,0.560654,0.996325,0.012470,0.004228,-0.084629
1760557516.675159,3,-2.970100,-0.008759,0.023967,-0.009715,-0.016045,0.560580,0.996240,0.012314,0.003337,-0.085687
1760557516.711756,3,-2.968871,-0.008336,0.023850,-0.009715,-0.016052,0.560608,0.996189,0.012240,0.003123,-0.086296
1760557516.745852,3,-2.967836,-0.012529,0.023398,-0.009713,-0.016047,0.560621,0.996134,0.012198,0.005226,-0.086834
1760557516.777638,3,-2.971110,-0.014574,0.023765,-0.009709,-0.016054,0.560590,0.996265,0.012459,0.006248,-0.085216
1760557516.815228,3,-2.972007,-0.016149,0.023378,-0.009715,-0.016045,0.560576,0.996299,0.012330,0.007055,-0.084777
1760557516.850306,3,-2.970165,-0.007972,0.024027,-0.009711,-0.016041,0.560490,0.996245,0.012310,0.002943,-0.085650
1760557516.883073,3,-2.971109,-0.013873,0.023744,-0.009714,-0.016044,0.560703,0.996268,0.012419,0.005900,-0.085213
1760557516.920088,3,-2.971189,-0.011186,0.024149,-0.009715,-0.016048,0.560486,0.996279,0.012506,0.004545,-0.085159
1760557516.953764,3,-2.969906,-0.015106,0.023424,-0.009709,-0.016042,0.560547,0.996213,0.012316,0.006520,-0.085818
1760557516.987392,3,-2.967781,-0.010157,0.023814,-0.009716,-0.016044,0.560566,0.996137,0.012302,0.004026,-0.086849
1760557517.053419,3,-2.970254,-0.011614,0.023564,-0.009709,-0.016042,0.560616,0.996241,0.012235,0.004777,-0.085625
1760557517.091195,3,-2.969947,-0.014394,0.023643,-0.009714,-0.016042,0.560500,0.996217,0.012394,0.006157,-0.085794
1760557517.126483,3,-2.971472,-0.008578,0.023953,-0.009719,-0.016052,0.560679,0.996300,0.012297,0.003256,-0.085002
1760557517.157956,3,-2.970298,-0.012638,0.023717,-0.009711,-0.016047,0.560577,0.996238,0.012355,0.005281,-0.085610
1760557517.194801,3,-2.970043,-0.010530,0.024087,-0.009711,-0.016051,0.560607,0.996232,0.012450,0.004214,-0.085725
1760557517.226310,3,-2.968821,-0.010826,0.023811,-0.009713,-0.016049,0.560570,0.996180,0.012328,0.004365,-0.086335
1760557517.262252,3,-2.971239,-0.015056,0.023423,-0.009710,-0.016049,0.560618,0.996271,0.012309,0.006504,-0.085153
1760557517.297332,3,-2.973103,-0.017974,0.023228,-0.009715,-0.016056,0.560676,0.996337,0.012328,0.007977,-0.084240
1760557517.329529,3,-2.971241,-0.010756,0.023890,-0.009717,-0.016050,0.560626,0.996284,0.012359,0.004342,-0.085129
1760557517.366328,3,-2.969627,-0.013705,0.023636,-0.009718,-0.016047,0.560509,0.996206,0.012362,0.005812,-0.085949
1760557517.398348,3,-2.973248,-0.016092,0.023132,-0.009714,-0.016057,0.560760,0.996353,0.012201,0.007044,-0.084157
1760557517.436200,3,-2.969054,-0.011727,0.023441,-0.009706,-0.016043,0.560524,0.996190,0.012181,0.004831,-0.086224
1760557517.470275,3,-2.970549,-0.009323,0.024264,-0.009717,-0.016047,0.560635,0.996256,0.012486,0.003608,-0.085467
1760557517.501503,3,-2.970358,-0.011101,0.023633,-0.009714,-0.016047,0.560658,0.996247,0.012247,0.004520,-0.085571
1760557517.538225,3,-2.972522,-0.012367,0.023308,-0.009715,-0.016050,0.560641,0.996336,0.012134,0.005177,-0.084499
1760557517.575748,3,-2.970925,-0.011798,0.023849,-0.009720,-0.016049,0.560624,0.996267,0.012383,0.004861,-0.085293
1760557517.605693,3,-2.968465,-0.015623,0.023358,-0.009713,-0.016047,0.560488,0.996149,0.012310,0.006772,-0.086538
1760557517.642269,3,-2.971501,-0.014395,0.023484,-0.009710,-0.016048,0.560612,0.996284,0.012310,0.006173,-0.085019
1760557517.675712,3,-2.972051,-0.013324,0.023819,-0.009713,-0.016052,0.560599,0.996310,0.012430,0.005629,-0.084740
1760557517.710320,3,-2.973086,-0.016249,0.023491,-0.009709,-0.016058,0.560771,0.996343,0.012387,0.007107,-0.084240
1760557517.745852,3,-2.969363,-0.010088,0.023635,-0.009710,-0.016044,0.560584,0.996207,0.012207,0.004009,-0.086061
1760557517.777788,3,-2.972775,-0.009149,0.023618,-0.009714,-0.016058,0.560670,0.996355,0.012152,0.003562,-0.084356
1760557517.813565,3,-2.969132,-0.013027,0.023776,-0.009711,-0.016040,0.560541,0.996186,0.012404,0.005465,-0.086193
1760557517.849493,3,-2.968676,-0.011690,0.023287,-0.009714,-0.016049,0.560551,0.996174,0.012104,0.004817,-0.086411
1760557517.884561,3,-2.969686,-0.013973,0.023360,-0.009712,-0.016045,0.560600,0.996209,0.012236,0.005958,-0.085921
1760557517.917711,3,-2.973776,-0.011188,0.023834,-0.009714,-0.016050,0.560774,0.996390,0.012343,0.004575,-0.083869
1760557517.953125,3,-2.969095,-0.013598,0.023791,-0.009714,-0.016044,0.560449,0.996182,0.012436,0.005749,-0.086215
1760557517.986108,3,-2.968251,-0.014236,0.023292,-0.009705,-0.016048,0.560486,0.996146,0.012218,0.006083,-0.086637
1760557518.017924,3,-2.971135,-0.012773,0.023685,-0.009709,-0.016044,0.560591,0.996274,0.012343,0.005355,-0.085193
1760557518.054108,3,-2.969584,-0.009333,0.023892,-0.009715,-0.016049,0.560625,0.996217,0.012302,0.003623,-0.085947
1760557518.090095,3,-2.970013,-0.015930,0.023392,-0.009711,-0.016048,0.560625,0.996215,0.012335,0.006933,-0.085769
1760557518.124370,3,-2.972927,-0.012900,0.023797,-0.009712,-0.016044,0.560696,0.996348,0.012399,0.005424,-0.084302
1760557518.157597,3,-2.970699,-0.017460,0.023561,-0.009710,-0.016050,0.560616,0.996236,0.012482,0.007692,-0.085436
1760557518.194099,3,-2.970523,-0.017354,0.022921,-0.009712,-0.016040,0.560454,0.996233,0.012159,0.007666,-0.085521
1760557518.227252,3,-2.970700,-0.011976,0.023732,-0.009712,-0.016048,0.560667,0.996258,0.012333,0.004953,-0.085405
1760557518.262537,3,-2.970172,-0.014147,0.023433,-0.009708,-0.016047,0.560586,0.996229,0.012278,0.006044,-0.085680
1760557518.299570,3,-2.972311,-0.013436,0.023518,-0.009711,-0.016043,0.560787,0.996322,0.012284,0.005699,-0.084611
1760557518.329579,3,-2.972189,-0.012767,0.023578,-0.009716,-0.016052,0.560728,0.996319,0.012286,0.005363,-0.084668
1760557518.368819,3,-2.967116,-0.011500,0.023540,-0.009712,-0.016040,0.560430,0.996106,0.012226,0.004702,-0.087188
1760557518.398965,3,-2.973577,-0.010670,0.024000,-0.009713,-0.016052,0.560667,0.996382,0.012405,0.004309,-0.083965
1760557518.433400,3,-2.969897,-0.009726,0.023646,-0.009714,-0.016052,0.560594,0.996231,0.012196,0.003831,-0.085793
1760557518.470029,3,-2.967989,-0.010308,0.023839,-0.009715,-0.016052,0.560507,0.996146,0.012321,0.004101,-0.086747
1760557518.501445,3,-2.969628,-0.009468,0.023738,-0.009708,-0.016053,0.560598,0.996220,0.012231,0.003697,-0.085926
1760557518.537707,3,-2.969847,-0.015327,0.023543,-0.009717,-0.016053,0.560585,0.996209,0.012385,0.006625,-0.085849
1760557518.573368,3,-2.970277,-0.012240,0.023620,-0.009709,-0.016058,0.560677,0.996239,0.012290,0.005087,-0.085618
1760557518.607698,3,-2.972772,-0.006676,0.027340,-0.009132,-0.016328,0.561457,0.996337,0.013902,0.002173,-0.084347
1760557518.641793,3,-2.973432,-0.006927,0.032055,-0.008573,-0.016505,0.561598,0.996329,0.016261,0.002105,-0.084025
1760557518.673822,3,-2.970717,-0.014131,0.035316,-0.007863,-0.016704,0.561531,0.996162,0.018195,0.005532,-0.085443
1760557518.710177,3,-2.967326,-0.006026,0.040623,-0.007150,-0.016919,0.561640,0.995991,0.020495,0.001234,-0.087066
1760557518.746088,3,-2.967058,-0.014657,0.043800,-0.006427,-0.017089,0.561222,0.995915,0.022453,0.005390,-0.087293
1760557518.778271,3,-2.973611,-0.010805,0.048955,-0.005657,-0.017310,0.561722,0.996151,0.024841,0.003329,-0.083997
1760557518.815098,3,-2.976503,-0.003783,0.054633,-0.004920,-0.017502,0.561762,0.996217,0.027376,-0.000368,-0.082471
1760557518.848480,3,-2.969404,-0.004635,0.059318,-0.004147,-0.017694,0.561648,0.995849,0.029744,-0.000242,-0.086018
1760557518.881845,3,-2.969158,-0.000299,0.064348,-0.003371,-0.017892,0.561708,0.995770,0.032062,-0.002621,-0.086071
1760557518.918806,3,-2.975090,-0.005787,0.069275,-0.002578,-0.018092,0.561885,0.995926,0.034751,0.000002,-0.083205
1760557518.950987,3,-2.971355,-0.001109,0.074063,-0.001801,-0.018279,0.561637,0.995695,0.036936,-0.002595,-0.084978
1760557518.986019,3,-2.969599,0.005137,0.079610,-0.000998,-0.018474,0.561694,0.995521,0.039427,-0.005975,-0.085721
1760557519.022247,3,-2.972865,-0.005048,0.084237,-0.000167,-0.018645,0.561585,0.995548,0.042169,-0.001035,-0.084295
1760557519.053311,3,3.048755,-0.001247,0.089698,0.000652,-0.019045,0.562174,0.997919,0.044757,0.002703,0.046327
1760557519.089190,3,-2.964696,0.000225,0.094414,0.001461,-0.019000,0.561445,0.994982,0.046995,-0.004280,-0.088230
1760557519.122007,3,-2.970948,0.003563,0.099495,0.002305,-0.019195,0.561689,0.995136,0.049395,-0.006011,-0.085025
1760557519.158358,3,-2.978004,-0.001793,0.104051,0.003148,-0.019385,0.561957,0.995304,0.051901,-0.003356,-0.081639
1760557519.194511,3,-2.978318,-0.008487,0.107487,0.003885,-0.019546,0.562244,0.995203,0.053884,-0.000157,-0.081655
1760557519.226514,3,-2.976818,-0.010270,0.112713,0.004753,-0.019726,0.562267,0.994989,0.056557,0.000474,-0.082451
1760557519.262234,3,-2.976695,-0.007839,0.118714,0.005623,-0.019898,0.562693,0.994821,0.059442,-0.000986,-0.082442
1760557519.297527,3,-2.969750,-0.015706,0.123797,0.006503,-0.020042,0.561962,0.994331,0.062301,0.002501,-0.086132
1760557519.329736,3,-2.967679,-0.005190,0.129181,0.007358,-0.020190,0.561928,0.994126,0.064527,-0.003026,-0.086833
1760557519.366366,3,-2.980544,0.000266,0.135731,0.008256,-0.020381,0.562469,0.994466,0.067583,-0.005587,-0.080243
1760557519.402351,3,-2.975332,-0.003402,0.139680,0.009136,-0.020517,0.562376,0.994106,0.069683,-0.004104,-0.082950
1760557519.433997,3,-2.977982,-0.009443,0.145434,0.010014,-0.020675,0.562244,0.993983,0.072794,-0.001244,-0.081839
1760557519.470561,3,-2.977971,-0.002290,0.151332,0.010930,-0.020828,0.562683,0.993796,0.075434,-0.005040,-0.081572
1760557519.501341,3,-2.972292,-0.005848,0.155242,0.011825,-0.020949,0.562227,0.993396,0.077512,-0.003651,-0.084520
1760557519.537674,3,-2.978372,-0.018345,0.161364,0.012743,-0.021092,0.562059,0.993327,0.081068,0.002542,-0.081988
1760557519.570670,3,-2.977557,0.000114,0.167991,0.013650,-0.021241,0.562413,0.993125,0.083610,-0.006930,-0.081632
1760557519.606524,3,-2.977571,-0.004051,0.172340,0.014578,-0.021352,0.562422,0.992925,0.085939,-0.005039,-0.081789
1760557519.642880,3,3.064696,0.028105,0.181113,0.015513,-0.021654,0.562585,0.995019,0.090895,-0.010508,0.039547
1760557519.676765,3,-2.978556,0.006914,0.184799,0.016424,-0.021605,0.562479,0.992448,0.091681,-0.010944,-0.080763
1760557519.713128,3,-2.980465,-0.000650,0.190255,0.017350,-0.021716,0.562721,0.992247,0.094702,-0.007321,-0.080144
1760557519.747281,3,-2.979430,0.000820,0.195644,0.018284,-0.021813,0.562640,0.991953,0.097312,-0.008317,-0.080565
1760557519.777801,3,-2.986343,-0.004336,0.200810,0.019224,-0.021928,0.562727,0.991948,0.100102,-0.005623,-0.077373
1760557519.812854,3,-2.978098,-0.004625,0.206403,0.020178,-0.022025,0.562767,0.991336,0.102862,-0.006120,-0.081459
1760557519.846339,3,-2.979830,0.002013,0.212609,0.021102,-0.022111,0.562811,0.991112,0.105677,-0.009570,-0.080230
1760557519.881628,3,-2.977478,-0.000678,0.218784,0.022023,-0.022181,0.562505,0.990675,0.108834,-0.008612,-0.081512
1760557519.918045,3,-2.981772,0.001777,0.224839,0.022977,-0.022262,0.562584,0.990524,0.111754,-0.009835,-0.079222
1760557519.949786,3,-2.975527,0.005992,0.230369,0.023913,-0.022343,0.562495,0.989975,0.114287,-0.012498,-0.082044
1760557519.985642,3,-2.986371,-0.002116,0.234883,0.024875,-0.022426,0.562800,0.990112,0.116901,-0.008037,-0.077122
1760557520.021381,3,-2.984838,-0.000960,0.241360,0.025826,-0.022494,0.562825,0.989675,0.120055,-0.008951,-0.077785
1760557520.053945,3,3.089533,0.046220,0.249897,0.026800,-0.022718,0.563345,0.991528,0.125145,-0.019677,0.028696
1760557520.091162,3,-2.984005,0.007448,0.253585,0.027730,-0.022614,0.562982,0.988925,0.125769,-0.013636,-0.077610
1760557520.122200,3,-2.981592,0.005052,0.258530,0.028660,-0.022668,0.562885,0.988508,0.128292,-0.012799,-0.078923
1760557520.158355,3,-2.982344,0.002169,0.264351,0.029603,-0.022702,0.562801,0.988148,0.131288,-0.011554,-0.078704
1760557520.193636,3,-2.983537,-0.000735,0.269768,0.030571,-0.022740,0.562925,0.987820,0.134084,-0.010253,-0.078278
1760557520.226450,3,-2.978365,0.002511,0.275681,0.031500,-0.022782,0.562769,0.987231,0.136846,-0.012441,-0.080578
1760557520.261877,3,-2.975055,0.003425,0.280597,0.032431,-0.022792,0.562602,0.986762,0.139213,-0.013321,-0.082117
1760557520.295373,3,-2.996607,-0.002480,0.286403,0.033349,-0.022869,0.563720,0.987151,0.142427,-0.009113,-0.071865
1760557520.331384,3,-2.984475,-0.004121,0.290786,0.034246,-0.022841,0.563047,0.986372,0.144594,-0.009337,-0.077947
1760557520.367077,3,-2.997019,0.001300,0.297610,0.035227,-0.022894,0.563709,0.986373,0.147823,-0.011349,-0.071330
1760557520.400269,3,-2.997108,0.000052,0.302974,0.036173,-0.022895,0.563662,0.985970,0.150513,-0.010918,-0.071349
1760557520.436025,3,-2.989117,-0.000977,0.308605,0.037093,-0.022891,0.563415,0.985243,0.153281,-0.011225,-0.075334
1760557520.472844,3,-2.994957,-0.003678,0.313921,0.038055,-0.022893,0.563650,0.985031,0.156030,-0.009639,-0.072638
1760557520.505528,3,-2.991799,-0.001807,0.320016,0.038995,-0.022884,0.563562,0.984447,0.158946,-0.011033,-0.074015
1760557520.538787,3,-2.996113,0.004299,0.325857,0.039938,-0.022874,0.563792,0.984170,0.161625,-0.013904,-0.071365
1760557520.575644,3,-2.982300,0.002672,0.331202,0.040837,-0.022829,0.563297,0.983209,0.164218,-0.014429,-0.078254
1760557520.609085,3,-2.997455,0.002195,0.337381,0.041778,-0.022821,0.563407,0.983259,0.167378,-0.013168,-0.070801
1760557520.648473,3,-2.985550,0.000005,0.341848,0.042637,-0.022777,0.563136,0.982430,0.169575,-0.013260,-0.076806
1760557520.675941,3,-2.980572,-0.001304,0.346187,0.043398,-0.022736,0.562784,0.981857,0.171724,-0.013211,-0.079333
1760557520.712137,3,-2.982634,0.001718,0.350915,0.044155,-0.022712,0.562955,0.981550,0.173940,-0.014702,-0.078027
1760557520.777984,3,-2.985922,0.006687,0.361002,0.045702,-0.022639,0.563054,0.980817,0.178722,-0.017238,-0.075895
1760557520.814514,3,-2.985664,0.001588,0.364870,0.046510,-0.022602,0.563048,0.980428,0.180813,-0.014909,-0.076449
1760557520.850350,3,-2.981289,-0.008438,0.369138,0.047375,-0.022536,0.562967,0.979789,0.183264,-0.010560,-0.079477
1760557520.883930,3,-2.984046,-0.005503,0.375837,0.048396,-0.022497,0.563619,0.979305,0.186447,-0.012006,-0.077819
1760557520.914949,3,-3.010934,-0.007971,0.382372,0.049662,-0.022476,0.564692,0.979628,0.189872,-0.008500,-0.064848
1760557520.950919,3,-3.028375,-0.020413,0.389845,0.051149,-0.022410,0.565736,0.979328,0.193937,-0.000961,-0.057478
1760557520.986497,3,-3.032143,-0.052895,0.396806,0.052932,-0.022265,0.566437,0.978288,0.198158,0.015110,-0.058810
1760557521.018892,3,-3.042763,-0.074880,0.408840,0.054615,-0.021750,0.564802,0.976923,0.204420,0.026587,-0.055922
1760557521.057209,3,-3.101384,0.274883,0.447343,0.057012,-0.021405,0.567373,0.966310,0.216989,-0.137986,0.010967
1760557521.090949,3,-3.088835,0.312768,0.471443,0.060505,-0.021057,0.569034,0.961106,0.226620,-0.157473,0.011028
1760557521.126713,3,-3.076171,0.370218,0.501443,0.064775,-0.020459,0.570366,0.953168,0.237902,-0.186179,0.014499
1760557521.159075,3,-3.075558,0.390841,0.537802,0.070499,-0.019648,0.574858,0.946901,0.254294,-0.195702,0.020341
1760557521.537811,3,-2.467998,0.092263,1.839276,0.220641,0.051736,0.602764,0.583568,0.740661,-0.288948,-0.165467
1760557521.569749,3,-3.096717,-0.054126,1.801431,0.210896,0.046934,0.562582,0.620190,0.783664,-0.000777,-0.035132
1760557521.742901,3,-3.047751,-0.071644,1.371495,0.193406,0.067293,0.607100,0.771534,0.633449,-0.001995,-0.058932
1760557521.779150,3,3.029324,0.023500,1.386712,0.175835,0.060989,0.569612,0.767420,0.638578,0.026833,0.050645
1760557521.849722,3,-3.038922,-0.081388,1.426227,0.168952,0.071988,0.566509,0.753341,0.654368,-0.002812,-0.065356
1760557521.886055,3,-3.057665,-0.035684,1.456829,0.175721,0.071883,0.582676,0.744957,0.665554,-0.014620,-0.043167
1760557521.915512,3,-3.054972,-0.029293,1.475205,0.173494,0.069683,0.569055,0.738883,0.672282,-0.018286,-0.041880
1760557521.953382,3,-3.096724,-0.004999,1.500686,0.172824,0.070220,0.563421,0.731230,0.681757,-0.013469,-0.018112
1760557521.986985,3,-3.079351,-0.041320,1.507153,0.173655,0.071124,0.562686,0.728298,0.684243,-0.006229,-0.036815
1760557522.018791,3,-3.085588,-0.041990,1.515051,0.172803,0.071272,0.559377,0.725690,0.687132,-0.003988,-0.034757
1760557522.056015,3,-3.078854,-0.046255,1.514929,0.172540,0.071236,0.558913,0.725530,0.687087,-0.004750,-0.038664
1760557522.090657,3,-3.077288,-0.046593,1.509723,0.172444,0.071179,0.559177,0.727280,0.685193,-0.005062,-0.039361
1760557522.122181,3,-3.088070,-0.041182,1.503603,0.171883,0.071173,0.559112,0.729667,0.682969,-0.003237,-0.033598
1760557522.158058,3,-3.076496,-0.045339,1.490387,0.171647,0.071022,0.560653,0.733879,0.678123,-0.005411,-0.039274
1760557522.189879,3,-3.082865,-0.031973,1.479916,0.171472,0.070367,0.561841,0.737768,0.674227,-0.007993,-0.032453
1760557522.226464,3,-3.097477,-0.024858,1.466677,0.170401,0.069931,0.561344,0.742522,0.669343,-0.005530,-0.024702
1760557522.257987,3,-3.100625,-0.022937,1.449806,0.169483,0.069729,0.561867,0.748202,0.663056,-0.004997,-0.022934
1760557522.296671,3,-3.085318,-0.029225,1.430251,0.168175,0.069317,0.560978,0.754362,0.655693,-0.007418,-0.030817
1760557522.331310,3,-3.081305,-0.044625,1.424263,0.167662,0.069501,0.559831,0.755999,0.653498,-0.002809,-0.037381
1760557522.363297,3,-3.083055,-0.043113,1.426595,0.167761,0.069741,0.559748,0.755296,0.654376,-0.002851,-0.036223
1760557522.401733,3,-3.083597,-0.034882,1.428591,0.167851,0.069390,0.560156,0.754791,0.655092,-0.005819,-0.033323
1760557522.436218,3,-3.082957,-0.030237,1.430211,0.167909,0.069333,0.560179,0.754323,0.655675,-0.007809,-0.032038
1760557522.466751,3,-3.083099,-0.031178,1.429832,0.167945,0.069419,0.560335,0.754435,0.655538,-0.007401,-0.032295
1760557522.502290,3,-3.084689,-0.032197,1.429063,0.167880,0.069514,0.560123,0.754697,0.655259,-0.006483,-0.032031
1760557522.537086,3,-3.086774,-0.033436,1.429569,0.167820,0.069478,0.559914,0.754545,0.655463,-0.005340,-0.031648
1760557522.570558,3,-3.086265,-0.032650,1.429786,0.167858,0.069429,0.560031,0.754478,0.655539,-0.005807,-0.031582
1760557522.607538,3,-3.085914,-0.030753,1.430060,0.167894,0.069448,0.560152,0.754411,0.655632,-0.006642,-0.031093
1760557522.638486,3,-3.084716,-0.030150,1.429942,0.167907,0.069501,0.560196,0.754440,0.655580,-0.007261,-0.031347
1760557522.673861,3,-3.086431,-0.032860,1.429681,0.167839,0.069468,0.559966,0.754512,0.655501,-0.005672,-0.031589
1760557522.710761,3,-3.086585,-0.032560,1.429981,0.167903,0.069476,0.560165,0.754420,0.655614,-0.005739,-0.031431
1760557522.741995,3,-3.086327,-0.033407,1.429811,0.167858,0.069469,0.560022,0.754459,0.655553,-0.005502,-0.031807
1760557522.810244,3,-3.085557,-0.031895,1.429732,0.167902,0.069489,0.560156,0.754496,0.655513,-0.006323,-0.031602
1760557522.846632,3,-3.086197,-0.034676,1.429757,0.167872,0.069472,0.560039,0.754455,0.655539,-0.005064,-0.032271
1760557522.878429,3,-3.085989,-0.031193,1.430066,0.167875,0.069479,0.560050,0.754404,0.655637,-0.006452,-0.031209
1760557522.914362,3,-3.084820,-0.030063,1.430185,0.167956,0.069523,0.560347,0.754363,0.655671,-0.007264,-0.031279
1760557522.950318,3,-3.087505,-0.031193,1.430048,0.167889,0.069488,0.560101,0.754433,0.655634,-0.005955,-0.030637
1760557522.982598,3,-3.085643,-0.031382,1.429985,0.167891,0.069489,0.560079,0.754422,0.655606,-0.006493,-0.031401
1760557523.017782,3,-3.085793,-0.032454,1.430094,0.167899,0.069494,0.560122,0.754372,0.655653,-0.006041,-0.031695
1760557523.053910,3,-3.085457,-0.031711,1.430076,0.167896,0.069502,0.560120,0.754384,0.655642,-0.006431,-0.031579
1760557523.086123,3,-3.087117,-0.033138,1.430032,0.167839,0.069473,0.559907,0.754403,0.655637,-0.005348,-0.031420
1760557523.122330,3,-3.086478,-0.031918,1.429825,0.167872,0.069490,0.560028,0.754480,0.655551,-0.006014,-0.031262
1760557523.154171,3,-3.086290,-0.031550,1.430403,0.167871,0.069500,0.560027,0.754293,0.655766,-0.006224,-0.031211
1760557523.190207,3,-3.085583,-0.031131,1.430020,0.167909,0.069518,0.560147,0.754414,0.655617,-0.006608,-0.031341
1760557523.226941,3,-3.084490,-0.031249,1.429785,0.167947,0.069523,0.560284,0.754471,0.655526,-0.006918,-0.031793
1760557523.258780,3,-3.085405,-0.031646,1.429945,0.167916,0.069516,0.560171,0.754428,0.655591,-0.006470,-0.031578
1760557523.294675,3,-3.085632,-0.031190,1.430000,0.167922,0.069523,0.560190,0.754420,0.655611,-0.006569,-0.031342
1760557523.332226,3,-3.086800,-0.031890,1.429742,0.167898,0.069506,0.560096,0.754512,0.655520,-0.005918,-0.031132
1760557523.362970,3,-3.086178,-0.031415,1.429962,0.167913,0.069514,0.560152,0.754437,0.655599,-0.006305,-0.031210
1760557523.398307,3,-3.087588,-0.033418,1.429595,0.167823,0.069481,0.559840,0.754549,0.655475,-0.005081,-0.031335
1760557523.430937,3,-3.086812,-0.034649,1.429644,0.167840,0.069488,0.559884,0.754502,0.655497,-0.004871,-0.032031
1760557523.467029,3,-3.086182,-0.032800,1.430278,0.167877,0.069504,0.560019,0.754313,0.655726,-0.005786,-0.031661
1760557523.498930,3,-3.085846,-0.033361,1.430044,0.167855,0.069504,0.559967,0.754376,0.655639,-0.005680,-0.031972
1760557523.534848,3,-3.085108,-0.031762,1.430253,0.167916,0.069522,0.560152,0.754320,0.655707,-0.006529,-0.031727
1760557523.570676,3,-3.085403,-0.032378,1.430238,0.167920,0.069528,0.560178,0.754320,0.655706,-0.006199,-0.031817
1760557523.604719,3,-3.086297,-0.033776,1.429373,0.167851,0.069499,0.559959,0.754596,0.655389,-0.005365,-0.031940
1760557523.642005,3,-3.085386,-0.033667,1.429616,0.167907,0.069521,0.560099,0.754504,0.655478,-0.005709,-0.032247
1760557523.679694,3,-3.086581,-0.033386,1.430094,0.167893,0.069515,0.560036,0.754371,0.655660,-0.005431,-0.031703
1760557523.707107,3,-3.083505,-0.033515,1.429610,0.167939,0.069540,0.560239,0.754478,0.655469,-0.006382,-0.032907
1760557523.775167,3,-3.086121,-0.032591,1.429992,0.167891,0.069522,0.560055,0.754409,0.655616,-0.005880,-0.031617
1760557523.812242,3,-3.085031,-0.032844,1.429927,0.167934,0.069539,0.560187,0.754409,0.655590,-0.006141,-0.032111
1760557523.848858,3,-3.086080,-0.031739,1.430133,0.167926,0.069535,0.560157,0.754375,0.655665,-0.006217,-0.031353
1760557523.878978,3,-3.086932,-0.034813,1.429962,0.167848,0.069510,0.559911,0.754397,0.655618,-0.004775,-0.032039
1760557523.915005,3,-3.085565,-0.032575,1.430260,0.167901,0.069522,0.560056,0.754313,0.655716,-0.006072,-0.031821
1760557523.951040,3,-3.086265,-0.033088,1.430175,0.167881,0.069520,0.560020,0.754344,0.655689,-0.005648,-0.031725
1760557523.982976,3,-3.085918,-0.033358,1.429824,0.167902,0.069526,0.560090,0.754449,0.655557,-0.005654,-0.031945
1760557524.019228,3,-3.084578,-0.031684,1.430149,0.167960,0.069560,0.560299,0.754347,0.655666,-0.006731,-0.031901
1760557524.053794,3,-3.087203,-0.034496,1.429634,0.167835,0.069505,0.559850,0.754514,0.655494,-0.004801,-0.031833
1760557524.088797,3,-3.086487,-0.034799,1.429866,0.167829,0.069505,0.559833,0.754422,0.655581,-0.004924,-0.032202
1760557524.118679,3,-3.085023,-0.034007,1.429858,0.167916,0.069542,0.560118,0.754413,0.655570,-0.005703,-0.032495
1760557524.155278,3,-3.083955,-0.030709,1.430225,0.167991,0.069571,0.560384,0.754327,0.655687,-0.007304,-0.031817
1760557524.222149,3,-3.085618,-0.033400,1.429788,0.167905,0.069538,0.560083,0.754455,0.655542,-0.005736,-0.032072
1760557524.257784,3,-3.085832,-0.034886,1.429769,0.167842,0.069514,0.559882,0.754442,0.655543,-0.005105,-0.032478
1760557524.294776,3,-3.084666,-0.032427,1.429941,0.167931,0.069549,0.560173,0.754405,0.655592,-0.006418,-0.032112
1760557524.327022,3,-3.084564,-0.033918,1.429725,0.167920,0.069554,0.560136,0.754451,0.655518,-0.005885,-0.032640
1760557524.362904,3,-3.086038,-0.035444,1.429905,0.167834,0.069518,0.559837,0.754392,0.655597,-0.004829,-0.032582
1760557524.395506,3,-3.085353,-0.031476,1.429751,0.167931,0.069557,0.560182,0.754493,0.655517,-0.006549,-0.031542
1760557524.431082,3,-3.085109,-0.033306,1.429672,0.167924,0.069557,0.560148,0.754487,0.655497,-0.005937,-0.032234
1760557524.467310,3,-3.085397,-0.033526,1.430051,0.167887,0.069542,0.560021,0.754364,0.655641,-0.005765,-0.032196
1760557524.499514,3,-3.085289,-0.032672,1.430081,0.167894,0.069542,0.560046,0.754365,0.655648,-0.006123,-0.031957
1760557524.536898,3,-3.085245,-0.034518,1.429919,0.167878,0.069532,0.559962,0.754389,0.655596,-0.005438,-0.032578
1760557524.573170,3,-3.085106,-0.033282,1.430272,0.167902,0.069546,0.560056,0.754290,0.655723,-0.005956,-0.032225
1760557524.604072,3,-3.086756,-0.035504,1.430113,0.167831,0.069518,0.559827,0.754334,0.655678,-0.004574,-0.032331
1760557524.640324,3,-3.084218,-0.032715,1.429905,0.167929,0.069562,0.560160,0.754405,0.655578,-0.006455,-0.032376
1760557524.672104,3,-3.086437,-0.035394,1.429351,0.167840,0.069531,0.559866,0.754581,0.655389,-0.004708,-0.032417
1760557524.706633,3,-3.086688,-0.036076,1.429576,0.167816,0.069515,0.559777,0.754500,0.655478,-0.004372,-0.032545
1760557524.737019,3,-3.086386,-0.033557,1.430097,0.167867,0.069537,0.559944,0.754364,0.655662,-0.005430,-0.031833
1760557524.776178,3,-3.085541,-0.034202,1.429697,0.167883,0.069545,0.560007,0.754471,0.655512,-0.005457,-0.032364
1760557524.841912,3,-3.085346,-0.033662,1.430052,0.167866,0.069539,0.559934,0.754360,0.655642,-0.005731,-0.032260
1760557524.878065,3,-3.085433,-0.033664,1.430196,0.167871,0.069542,0.559949,0.754315,0.655697,-0.005704,-0.032227
1760557524.909952,3,-3.087254,-0.035916,1.429507,0.167778,0.069507,0.559645,0.754534,0.655452,-0.004245,-0.032279
1760557524.945689,3,-3.085075,-0.034610,1.429885,0.167888,0.069551,0.560006,0.754396,0.655583,-0.005459,-0.032673
1760557524.982254,3,-3.084548,-0.033745,1.429810,0.167907,0.069561,0.560063,0.754426,0.655549,-0.005957,-0.032588
1760557525.014203,3,-3.084436,-0.032866,1.429972,0.167928,0.069569,0.560143,0.754384,0.655605,-0.006328,-0.032342
1760557525.050679,3,-3.086270,-0.034916,1.429970,0.167831,0.069528,0.559818,0.754383,0.655620,-0.004953,-0.032322
1760557525.086403,3,-3.085576,-0.033757,1.430106,0.167883,0.069555,0.560000,0.754345,0.655664,-0.005620,-0.032204
1760557525.118927,3,-3.087097,-0.034822,1.429897,0.167806,0.069525,0.559725,0.754421,0.655594,-0.004716,-0.031979
1760557525.155715,3,-3.085833,-0.034034,1.429795,0.167881,0.069552,0.559978,0.754447,0.655549,-0.005426,-0.032199
1760557525.188447,3,-3.085050,-0.033458,1.429977,0.167885,0.069563,0.559998,0.754384,0.655612,-0.005903,-0.032305
1760557525.223720,3,-3.087661,-0.036154,1.429979,0.167756,0.069509,0.559568,0.754383,0.655632,-0.004030,-0.032202
1760557525.253746,3,-3.085773,-0.034606,1.430126,0.167839,0.069541,0.559835,0.754328,0.655676,-0.005236,-0.032407
1760557525.290314,3,-3.084825,-0.033431,1.430367,0.167882,0.069558,0.559968,0.754252,0.655759,-0.005994,-0.032380
1760557525.327181,3,-3.086367,-0.035759,1.429637,0.167819,0.069534,0.559770,0.754480,0.655499,-0.004598,-0.032562
1760557525.358176,3,-3.084120,-0.033648,1.430096,0.167872,0.069555,0.559941,0.754326,0.655655,-0.006138,-0.032717
1760557525.394684,3,-3.084566,-0.032968,1.430049,0.167888,0.069563,0.559990,0.754360,0.655635,-0.006248,-0.032327
1760557525.462077,3,-3.086046,-0.034671,1.430114,0.167838,0.069544,0.559814,0.754336,0.655672,-0.005121,-0.032326
1760557525.497715,3,-3.085609,-0.035079,1.429975,0.167872,0.069558,0.559934,0.754368,0.655621,-0.005108,-0.032625
1760557525.530291,3,-3.085211,-0.036075,1.429735,0.167850,0.069553,0.559880,0.754424,0.655534,-0.004859,-0.033101
1760557525.566432,3,-3.085977,-0.035659,1.429857,0.167824,0.069539,0.559770,0.754403,0.655580,-0.004767,-0.032676
1760557525.602076,3,-3.086329,-0.033691,1.430286,0.167874,0.069562,0.559924,0.754299,0.655733,-0.005401,-0.031898
1760557525.634162,3,-3.087035,-0.035068,1.429811,0.167798,0.069533,0.559695,0.754445,0.655562,-0.004642,-0.032084
1760557525.671295,3,-3.084924,-0.036173,1.429935,0.167819,0.069539,0.559748,0.754352,0.655610,-0.004919,-0.033241
1760557525.705954,3,-3.084048,-0.031935,1.430414,0.167922,0.069576,0.560099,0.754248,0.655765,-0.006814,-0.032182
1760557525.738083,3,-3.086185,-0.034201,1.430273,0.167855,0.069554,0.559884,0.754293,0.655731,-0.005256,-0.032119
1760557525.773967,3,-3.084540,-0.033986,1.430312,0.167894,0.069574,0.560017,0.754257,0.655740,-0.005877,-0.032669
1760557525.806410,3,-3.085524,-0.034307,1.429976,0.167867,0.069564,0.559913,0.754378,0.655617,-0.005428,-0.032404
1760557525.842634,3,-3.085542,-0.034723,1.430186,0.167858,0.069559,0.559880,0.754303,0.655699,-0.005268,-0.032533
1760557525.874319,3,-3.085248,-0.035136,1.430420,0.167860,0.069563,0.559891,0.754215,0.655788,-0.005212,-0.032778
1760557525.912251,3,-3.084359,-0.033947,1.430054,0.167882,0.069568,0.559970,0.754339,0.655642,-0.005946,-0.032725
1760557525.979194,3,-3.086835,-0.034744,1.430425,0.167834,0.069550,0.559791,0.754245,0.655792,-0.004840,-0.032051
1760557526.015940,3,-3.085112,-0.034905,1.430331,0.167848,0.069554,0.559855,0.754246,0.655753,-0.005343,-0.032754
1760557526.051985,3,-3.085692,-0.033545,1.430326,0.167869,0.069562,0.559911,0.754278,0.655746,-0.005666,-0.032090
1760557526.088910,3,-3.085458,-0.032677,1.430385,0.167900,0.069574,0.560035,0.754268,0.655763,-0.006071,-0.031894
1760557526.120046,3,-3.084593,-0.032936,1.430530,0.167896,0.069579,0.560008,0.754203,0.655817,-0.006259,-0.032304
1760557526.151273,3,-3.085056,-0.033938,1.429962,0.167872,0.069566,0.559933,0.754381,0.655609,-0.005720,-0.032459
1760557526.186273,3,-3.085075,-0.033367,1.430463,0.167861,0.069559,0.559908,0.754226,0.655795,-0.005937,-0.032264
